customer_id,frequency,recency,total_value,avg_order_value,ltv,predicted_ltv
CUST0000,5,166,424.21999999999997,84.844,424.21999999999997,428.19522
CUST0001,4,299,201.64,50.41,201.64,200.8043
CUST0002,4,312,338.01,84.5025,338.01,336.145
CUST0003,2,1178,304.1,152.05,304.1,304.1585
CUST0004,6,123,487.82,81.30333333333333,487.82,489.07666
CUST0005,9,19,478.46,53.16222222222222,478.46,481.20663
CUST0006,4,125,314.4,78.6,314.4,314.26672
CUST0007,4,199,343.23,85.8075,343.23,347.63348
CUST0008,6,223,639.78,106.63,639.78,639.0527
CUST0009,2,162,104.36,52.18,104.36,105.26952
CUST0010,6,151,590.74,98.45666666666666,590.74,583.24176
CUST0011,8,29,600.43,75.05375,600.43,604.4222
CUST0012,4,77,851.5899999999999,212.89749999999998,851.5899999999999,850.8981
CUST0013,4,6,201.85,50.4625,201.85,202.13249
CUST0014,5,8,458.15999999999997,91.63199999999999,458.15999999999997,457.3505
CUST0015,5,89,229.04,45.808,229.04,225.30766
CUST0016,5,204,603.19,120.638,603.19,603.81134
CUST0017,7,36,999.68,142.81142857142856,999.68,997.67694
CUST0018,4,25,333.69,83.4225,333.69,331.17215
CUST0019,1,1250,17.53,17.53,17.53,17.341206
CUST0020,6,194,632.34,105.39,632.34,632.0526
CUST0021,6,205,531.97,88.66166666666668,531.97,531.8221
CUST0022,2,124,301.6,150.8,301.6,300.7766
CUST0023,3,214,659.52,219.84,659.52,618.65314
CUST0024,6,0,665.66,110.94333333333333,665.66,666.8351
CUST0025,8,368,1184.42,148.0525,1184.42,1189.2804
CUST0026,5,45,264.65,52.92999999999999,264.65,265.23666
CUST0027,2,247,217.6,108.8,217.6,217.7485
CUST0028,5,224,389.84000000000003,77.968,389.84000000000003,388.2427
CUST0029,6,11,702.77,117.12833333333333,702.77,694.94464
CUST0030,5,6,673.53,134.706,673.53,648.3103
CUST0031,3,39,21.21,7.07,21.21,22.099403
CUST0032,5,222,323.22,64.644,323.22,323.918
CUST0033,3,28,319.42,106.47333333333334,319.42,322.8383
CUST0034,2,22,369.86,184.93,369.86,369.94382
CUST0035,9,64,378.96,42.10666666666666,378.96,379.62268
CUST0036,7,59,921.39,131.62714285714284,921.39,916.7817
CUST0037,7,73,793.18,113.31142857142856,793.18,791.6839
CUST0038,7,58,648.02,92.57428571428571,648.02,643.90533
CUST0039,4,242,214.44,53.61,214.44,215.04266
CUST0040,2,362,128.27,64.135,128.27,128.5651
CUST0041,3,79,524.74,174.91333333333333,524.74,526.3563
CUST0042,8,445,411.78999999999996,51.473749999999995,411.78999999999996,412.88705
CUST0043,7,84,1478.63,211.23285714285717,1478.63,1479.2312
CUST0044,6,243,756.0,126.0,756.0,754.1223
CUST0045,5,108,934.2,186.84,934.2,934.1106
CUST0046,9,304,1277.47,141.94111111111113,1277.47,1277.4012
CUST0047,7,91,1873.19,267.59857142857146,1873.19,1872.211
CUST0048,7,48,474.8,67.82857142857144,474.8,473.81723
CUST0049,7,10,402.32,57.47428571428571,402.32,400.3494
CUST0050,6,59,813.75,135.625,813.75,814.8117
CUST0051,7,25,196.69,28.09857142857143,196.69,197.96773
CUST0052,5,6,96.16,19.232,96.16,96.238945
CUST0053,2,232,68.41,34.205,68.41,69.74481
CUST0054,5,37,663.29,132.658,663.29,665.1035
CUST0055,4,192,342.04,85.51,342.04,349.6554
CUST0056,2,306,297.26,148.63,297.26,297.41306
CUST0057,4,128,119.64,29.91,119.64,121.38804
CUST0058,4,150,347.41999999999996,86.85499999999999,347.41999999999996,350.38498
CUST0059,5,7,708.15,141.63,708.15,693.74817
CUST0060,3,1188,66.4,22.133333333333336,66.4,58.239513
CUST0061,3,773,531.03,177.01,531.03,530.4541
CUST0062,6,43,721.24,120.20666666666666,721.24,717.64355
CUST0063,4,7,227.63,56.9075,227.63,218.94263
CUST0064,3,175,62.019999999999996,20.673333333333332,62.019999999999996,61.80727
CUST0065,8,10,1264.1799999999998,158.02249999999998,1264.1799999999998,1143.2998
CUST0066,4,56,216.94000000000003,54.23500000000001,216.94000000000003,214.02853
CUST0067,8,165,688.63,86.07875,688.63,688.90936
CUST0068,6,205,727.2,121.2,727.2,728.9251
CUST0069,3,2,437.48,145.82666666666668,437.48,436.63632
CUST0070,4,135,252.51,63.1275,252.51,249.6876
CUST0071,7,199,839.03,119.86142857142856,839.03,840.6285
CUST0072,2,538,474.66999999999996,237.33499999999998,474.66999999999996,464.87708
CUST0073,7,123,1338.96,191.28,1338.96,1338.7654
CUST0074,6,18,372.11,62.01833333333334,372.11,373.96948
CUST0075,6,80,449.20000000000005,74.86666666666667,449.20000000000005,447.4943
CUST0076,2,488,128.54000000000002,64.27000000000001,128.54000000000002,130.64276
CUST0077,3,166,737.04,245.67999999999998,737.04,736.2526
CUST0078,4,81,171.95999999999998,42.989999999999995,171.95999999999998,176.88335
CUST0079,4,319,170.18,42.545,170.18,170.1412
CUST0080,6,310,304.54,50.75666666666667,304.54,303.55103
CUST0081,2,60,180.57,90.285,180.57,181.3862
CUST0082,3,609,499.02000000000004,166.34,499.02000000000004,498.502
CUST0083,5,651,142.44,28.488,142.44,142.29112
CUST0084,6,121,354.21000000000004,59.035000000000004,354.21000000000004,355.3156
CUST0085,8,37,925.3,115.6625,925.3,928.528
CUST0086,2,359,258.21999999999997,129.10999999999999,258.21999999999997,246.5372
CUST0087,6,1,744.1700000000001,124.02833333333335,744.1700000000001,744.3623
CUST0088,5,232,281.34999999999997,56.269999999999996,281.34999999999997,283.58044
CUST0089,5,102,605.89,121.178,605.89,605.52106
CUST0090,2,481,73.87,36.935,73.87,74.01275
CUST0091,4,69,372.34,93.085,372.34,373.8525
CUST0092,6,132,653.1700000000001,108.86166666666668,653.1700000000001,654.5104
CUST0093,9,25,1467.94,163.10444444444445,1467.94,1467.6804
CUST0094,10,89,549.59,54.959,549.59,550.0744
CUST0095,6,10,929.38,154.89666666666668,929.38,928.8324
CUST0096,10,130,758.27,75.827,758.27,745.3815
CUST0097,6,82,731.23,121.87166666666667,731.23,729.7629
CUST0098,7,36,808.76,115.53714285714285,808.76,807.17285
CUST0099,6,3,473.6,78.93333333333334,473.6,473.97342
CUST0100,3,126,729.31,243.10333333333332,729.31,729.75275
CUST0101,5,21,260.41999999999996,52.08399999999999,260.41999999999996,260.4284
CUST0102,5,84,444.65,88.92999999999999,444.65,445.1259
CUST0103,12,246,1045.5,87.125,1045.5,1045.5887
CUST0104,7,44,972.4000000000001,138.91428571428574,972.4000000000001,972.9118
CUST0105,5,38,436.61,87.322,436.61,436.56616
CUST0106,5,184,370.53,74.106,370.53,372.27252
CUST0107,5,13,424.33,84.866,424.33,430.49777
CUST0108,6,9,875.05,145.84166666666667,875.05,874.66736
CUST0109,2,448,151.43,75.715,151.43,153.05539
CUST0110,10,2,797.9499999999999,79.79499999999999,797.9499999999999,783.8957
CUST0111,3,15,257.63,85.87666666666667,257.63,258.0358
CUST0112,1,658,49.84,49.84,49.84,50.1375
CUST0113,6,28,620.47,103.41166666666668,620.47,620.3516
CUST0114,3,234,121.64000000000001,40.546666666666674,121.64000000000001,121.288506
CUST0115,2,515,64.81,32.405,64.81,64.51476
CUST0116,5,3,507.53000000000003,101.506,507.53000000000003,508.69427
CUST0117,7,99,844.1500000000001,120.59285714285716,844.1500000000001,848.6131
CUST0118,1,205,28.38,28.38,28.38,28.337189
CUST0119,5,240,540.43,108.08599999999998,540.43,540.2817
CUST0120,6,330,563.36,93.89333333333333,563.36,570.81024
CUST0121,4,49,475.12,118.78,475.12,475.68182
CUST0122,7,291,728.9499999999999,104.13571428571427,728.9499999999999,729.5776
CUST0123,5,389,470.24,94.048,470.24,470.71643
CUST0124,5,114,599.99,119.998,599.99,603.71313
CUST0125,2,1006,217.64,108.82,217.64,217.04022
CUST0126,5,32,496.35,99.27000000000001,496.35,495.98615
CUST0127,5,303,374.49999999999994,74.89999999999999,374.49999999999994,375.052
CUST0128,4,276,783.62,195.905,783.62,785.34814
CUST0129,7,306,656.5,93.78571428571429,656.5,657.274
CUST0130,9,71,969.84,107.76,969.84,969.90826
CUST0131,4,995,787.33,196.8325,787.33,788.0516
CUST0132,10,84,482.11,48.211,482.11,481.1391
CUST0133,2,128,202.82,101.41,202.82,203.3923
CUST0134,6,1,397.16,66.19333333333334,397.16,397.20496
CUST0135,5,163,623.01,124.602,623.01,619.88165
CUST0136,3,778,129.74,43.24666666666667,129.74,138.99327
CUST0137,6,8,295.15,49.19166666666666,295.15,304.9034
CUST0138,5,98,651.03,130.206,651.03,652.9609
CUST0139,6,29,667.87,111.31166666666667,667.87,668.8784
CUST0140,5,15,463.3,92.66,463.3,463.32034
CUST0141,1,44,102.71,102.71,102.71,93.54658
CUST0142,7,488,958.52,136.93142857142857,958.52,958.5616
CUST0143,4,323,293.93,73.4825,293.93,294.2105
CUST0144,2,2,80.2,40.1,80.2,80.84352
CUST0145,7,43,1014.6400000000001,144.94857142857146,1014.6400000000001,1018.48627
CUST0146,6,7,773.69,128.94833333333335,773.69,774.7382
CUST0147,6,260,509.96999999999997,84.99499999999999,509.96999999999997,510.5273
CUST0148,3,209,84.35,28.116666666666664,84.35,84.81173
CUST0149,8,23,1406.35,175.79375,1406.35,1406.0745
CUST0150,5,148,654.0699999999999,130.814,654.0699999999999,656.2194
CUST0151,7,123,206.53,29.504285714285714,206.53,205.51028
CUST0152,7,35,503.0,71.85714285714286,503.0,504.18182
CUST0153,3,804,557.63,185.87666666666667,557.63,557.5604
CUST0154,2,342,128.47,64.235,128.47,128.907
CUST0155,5,53,459.89,91.978,459.89,462.3439
CUST0156,6,333,295.43,49.23833333333334,295.43,296.50092
CUST0157,3,409,561.77,187.25666666666666,561.77,562.462
CUST0158,6,967,367.97999999999996,61.32999999999999,367.97999999999996,371.04025
CUST0159,9,168,1112.63,123.62555555555556,1112.63,1113.6106
CUST0160,2,754,205.51999999999998,102.75999999999999,205.51999999999998,206.59895
CUST0161,2,698,133.47,66.735,133.47,133.19958
CUST0162,1,508,313.5,313.5,313.5,313.562
CUST0163,6,78,314.92,52.48666666666667,314.92,316.0741
CUST0164,5,189,383.68,76.736,383.68,380.8802
CUST0165,4,376,708.34,177.085,708.34,684.9075
CUST0166,5,32,542.53,108.506,542.53,545.2821
CUST0167,2,374,321.76,160.88,321.76,321.5832
CUST0168,10,123,1236.18,123.61800000000001,1236.18,1193.4497
CUST0169,7,16,730.29,104.32714285714285,730.29,731.7919
CUST0170,1,775,129.63,129.63,129.63,129.15996
CUST0171,4,765,329.61,82.4025,329.61,329.30707
CUST0172,3,307,283.65999999999997,94.55333333333333,283.65999999999997,283.3833
CUST0173,4,51,852.55,213.1375,852.55,851.3344
CUST0174,7,86,565.53,80.78999999999999,565.53,566.6127
CUST0175,5,61,446.24,89.248,446.24,447.1415
CUST0176,5,47,179.95,35.989999999999995,179.95,182.00002
CUST0177,9,1,566.49,62.943333333333335,566.49,566.11487
CUST0178,2,377,108.49000000000001,54.245000000000005,108.49000000000001,108.64451
CUST0179,7,103,475.65,67.95,475.65,473.92133
CUST0180,5,273,390.27,78.054,390.27,389.86072
CUST0181,5,879,233.44,46.688,233.44,231.42685
CUST0182,6,250,857.71,142.95166666666668,857.71,857.25793
CUST0183,5,9,640.02,128.004,640.02,641.72205
CUST0184,2,490,219.02,109.51,219.02,216.35811
CUST0185,5,219,337.6,67.52000000000001,337.6,337.38025
CUST0186,7,554,486.09,69.44142857142857,486.09,486.2196
CUST0187,4,12,649.31,162.3275,649.31,648.95056
CUST0188,4,287,386.39,96.5975,386.39,388.6054
CUST0189,7,57,662.54,94.64857142857143,662.54,662.84985
CUST0190,8,79,873.85,109.23125,873.85,868.70624
CUST0191,8,59,564.23,70.52875,564.23,565.9396
CUST0192,5,146,474.11,94.822,474.11,472.5501
CUST0193,6,3,395.45000000000005,65.90833333333335,395.45000000000005,396.3683
CUST0194,9,22,728.02,80.89111111111112,728.02,728.3048
CUST0195,5,549,770.89,154.178,770.89,771.0175
CUST0196,6,259,824.2,137.36666666666667,824.2,825.59503
CUST0197,2,135,384.87,192.435,384.87,384.69553
CUST0198,6,353,911.29,151.88166666666666,911.29,923.1777
CUST0199,3,456,92.2,30.733333333333334,92.2,90.71375
CUST0200,5,31,847.42,169.48399999999998,847.42,847.6705
CUST0201,2,254,161.8,80.9,161.8,162.5642
CUST0202,7,109,906.5,129.5,906.5,903.689
CUST0203,7,62,469.09999999999997,67.0142857142857,469.09999999999997,467.19736
CUST0204,7,214,546.31,78.0442857142857,546.31,546.1838
CUST0205,4,43,97.19999999999999,24.299999999999997,97.19999999999999,97.07163
CUST0206,2,119,203.63,101.815,203.63,203.00406
CUST0207,5,82,428.56,85.712,428.56,429.01657
CUST0208,5,18,564.72,112.944,564.72,565.07135
CUST0209,4,173,142.35,35.5875,142.35,139.43576
CUST0210,5,373,222.01999999999998,44.403999999999996,222.01999999999998,217.77757
CUST0211,6,105,788.92,131.48666666666665,788.92,788.1645
CUST0212,3,442,90.96000000000001,30.320000000000004,90.96000000000001,90.69284
CUST0213,3,40,254.45,84.81666666666666,254.45,253.32343
CUST0214,8,39,1004.75,125.59375,1004.75,1005.6026
CUST0215,6,34,487.74,81.29,487.74,492.44635
CUST0216,3,62,251.48,83.82666666666667,251.48,254.12091
CUST0217,5,13,458.13,91.626,458.13,458.0519
CUST0218,2,294,143.51000000000002,71.75500000000001,143.51000000000002,144.8295
CUST0219,5,256,934.5600000000001,186.912,934.5600000000001,935.4565
CUST0220,5,68,539.64,107.928,539.64,540.6712
CUST0221,3,56,412.8,137.6,412.8,421.0251
CUST0222,5,94,937.55,187.51,937.55,937.41064
CUST0223,4,496,501.19,125.2975,501.19,500.96268
CUST0224,6,59,766.53,127.755,766.53,768.3141
CUST0225,6,12,618.49,103.08166666666666,618.49,619.7043
CUST0226,7,24,942.4,134.62857142857143,942.4,945.7376
CUST0227,3,13,309.45000000000005,103.15000000000002,309.45000000000005,308.42734
CUST0228,5,82,1066.08,213.21599999999998,1066.08,1066.4388
CUST0229,2,247,313.54999999999995,156.77499999999998,313.54999999999995,313.3388
CUST0230,8,305,406.22,50.7775,406.22,406.80292
CUST0231,5,107,363.19,72.638,363.19,366.57993
CUST0232,4,106,592.12,148.03,592.12,592.02856
CUST0233,7,10,657.52,93.93142857142857,657.52,660.038
CUST0234,6,1005,396.77,66.12833333333333,396.77,397.11078
CUST0235,3,342,108.69,36.23,108.69,109.11721
CUST0236,3,75,201.43,67.14333333333333,201.43,202.40019
CUST0237,4,2,675.61,168.9025,675.61,675.2341
CUST0238,5,6,365.4,73.08,365.4,367.98145
CUST0239,8,235,620.47,77.55875,620.47,626.9371
CUST0240,3,217,386.46,128.82,386.46,385.24643
CUST0241,7,131,578.46,82.63714285714286,578.46,580.1808
CUST0242,3,24,115.5,38.5,115.5,115.250626
CUST0243,2,809,43.1,21.55,43.1,43.2201
CUST0244,4,1129,484.84000000000003,121.21000000000001,484.84000000000003,498.93713
CUST0245,7,17,393.51,56.215714285714284,393.51,393.8558
CUST0246,4,234,693.11,173.2775,693.11,692.28143
CUST0247,4,157,119.53999999999999,29.884999999999998,119.53999999999999,122.27509
CUST0248,4,464,1231.06,307.765,1231.06,1229.6868
CUST0249,4,131,286.39,71.5975,286.39,281.2168
CUST0250,6,140,733.49,122.24833333333333,733.49,733.17615
CUST0251,2,1028,159.03,79.515,159.03,159.42075
CUST0252,5,128,345.19000000000005,69.03800000000001,345.19000000000005,343.31018
CUST0253,2,60,82.44999999999999,41.224999999999994,82.44999999999999,82.79398
CUST0254,6,288,1456.44,242.74,1456.44,1456.818
CUST0255,3,86,515.74,171.91333333333333,515.74,515.86316
CUST0256,10,49,836.9000000000001,83.69000000000001,836.9000000000001,865.17413
CUST0257,5,122,243.13,48.626,243.13,243.82065
CUST0258,5,7,630.41,126.082,630.41,626.80255
CUST0259,7,2,409.34999999999997,58.47857142857142,409.34999999999997,423.204
CUST0260,1,212,201.57,201.57,201.57,238.87892
CUST0261,7,1,1054.53,150.64714285714285,1054.53,1084.0702
CUST0262,4,712,230.85,57.7125,230.85,230.51744
CUST0263,9,172,591.12,65.68,591.12,588.4912
CUST0264,3,665,98.69,32.89666666666667,98.69,99.55517
CUST0266,8,72,1316.74,164.5925,1316.74,1382.3282
CUST0267,4,224,381.21,95.3025,381.21,389.31516
CUST0268,3,95,302.8,100.93333333333334,302.8,301.15533
CUST0269,6,562,888.0500000000001,148.00833333333335,888.0500000000001,887.0242
CUST0270,4,242,828.9,207.225,828.9,828.0261
CUST0271,7,204,743.84,106.26285714285714,743.84,744.3792
CUST0272,6,57,524.3,87.38333333333333,524.3,519.12427
CUST0273,6,82,628.3100000000001,104.71833333333335,628.3100000000001,627.1064
CUST0274,3,36,177.26999999999998,59.089999999999996,177.26999999999998,177.95811
CUST0275,4,368,246.43,61.6075,246.43,245.56763
CUST0276,5,10,258.63,51.726,258.63,260.08722
CUST0277,4,1082,436.41999999999996,109.10499999999999,436.41999999999996,434.45654
CUST0278,6,406,676.51,112.75166666666667,676.51,668.7304
CUST0279,1,1238,302.46,302.46,302.46,302.3496
CUST0280,4,228,396.80999999999995,99.20249999999999,396.80999999999995,399.05533
CUST0281,8,36,1000.28,125.035,1000.28,1007.57965
CUST0282,1,79,87.45,87.45,87.45,88.97609
CUST0283,6,268,593.4,98.89999999999999,593.4,591.37354
CUST0284,5,10,438.47,87.694,438.47,434.05624
CUST0285,4,290,112.7,28.175,112.7,113.29299
CUST0286,5,507,1091.47,218.294,1091.47,1091.5183
CUST0287,6,1,542.29,90.38166666666666,542.29,544.0267
CUST0288,8,3,692.19,86.52375,692.19,692.096
CUST0289,4,192,333.90000000000003,83.47500000000001,333.90000000000003,331.75638
CUST0290,2,933,129.67,64.835,129.67,132.48114
CUST0291,5,108,265.61,53.122,265.61,262.8904
CUST0292,10,88,1104.23,110.423,1104.23,1104.198
CUST0293,5,85,289.46000000000004,57.89200000000001,289.46000000000004,285.23218
CUST0294,3,351,267.28,89.09333333333332,267.28,266.32385
CUST0295,3,52,127.69,42.56333333333333,127.69,136.5008
CUST0296,5,42,427.96,85.592,427.96,430.40378
CUST0297,6,300,302.95,50.49166666666667,302.95,302.6217
CUST0298,5,32,410.08,82.01599999999999,410.08,410.51825
CUST0299,2,101,205.24,102.62,205.24,204.67755
CUST0300,7,340,921.77,131.68142857142857,921.77,917.3684
CUST0301,3,650,429.34000000000003,143.11333333333334,429.34000000000003,429.8429
CUST0302,4,170,732.6700000000001,183.16750000000002,732.6700000000001,732.22174
CUST0303,3,2,297.61,99.20333333333333,297.61,297.131
CUST0304,1,178,24.55,24.55,24.55,24.604458
CUST0305,2,1039,311.41999999999996,155.70999999999998,311.41999999999996,311.18112
CUST0306,7,39,620.21,88.60142857142857,620.21,621.64636
CUST0307,9,67,634.1899999999999,70.46555555555555,634.1899999999999,606.2353
CUST0308,3,455,439.32,146.44,439.32,438.80713
CUST0309,6,43,394.15999999999997,65.69333333333333,394.15999999999997,398.5991
CUST0310,5,462,139.2,27.839999999999996,139.2,136.7441
CUST0311,3,31,377.13,125.71,377.13,380.9066
CUST0312,8,227,1859.6000000000001,232.45000000000002,1859.6000000000001,1858.7327
CUST0313,2,93,46.970000000000006,23.485000000000003,46.970000000000006,45.782555
CUST0314,5,383,571.41,114.282,571.41,571.09393
CUST0315,10,23,1830.64,183.06400000000002,1830.64,1484.1628
CUST0316,5,31,531.79,106.35799999999999,531.79,529.7908
CUST0317,6,187,513.05,85.50833333333333,513.05,512.90356
CUST0318,3,2,668.6800000000001,222.89333333333335,668.6800000000001,668.0785
CUST0319,5,223,480.76,96.152,480.76,479.42316
CUST0320,2,504,306.2,153.1,306.2,305.7803
CUST0321,7,160,1504.78,214.96857142857144,1504.78,1505.1324
CUST0322,3,185,731.5,243.83333333333334,731.5,733.7803
CUST0323,3,371,113.04,37.68,113.04,112.901634
CUST0324,2,2,377.41,188.705,377.41,389.14282
CUST0325,7,25,395.15999999999997,56.451428571428565,395.15999999999997,394.18723
CUST0326,4,23,348.02,87.005,348.02,350.7121
CUST0327,3,984,196.7,65.56666666666666,196.7,196.56953
CUST0328,4,121,330.06,82.515,330.06,328.9938
CUST0329,9,163,851.88,94.65333333333334,851.88,872.04565
CUST0330,5,522,367.32,73.464,367.32,368.71936
CUST0331,5,203,285.88,57.176,285.88,286.28317
CUST0332,7,153,607.3,86.75714285714285,607.3,602.2035
CUST0333,3,145,460.56,153.52,460.56,451.01117
CUST0334,4,19,358.63,89.6575,358.63,359.2783
CUST0335,6,110,1183.68,197.28,1183.68,1178.5446
CUST0336,2,376,64.48,32.24,64.48,64.91763
CUST0337,5,231,341.59,68.318,341.59,338.52377
CUST0338,2,45,134.04,67.02,134.04,133.99405
CUST0339,3,56,259.2,86.39999999999999,259.2,259.93723
CUST0340,5,57,497.84000000000003,99.56800000000001,497.84000000000003,497.26358
CUST0341,4,52,737.38,184.345,737.38,736.745
CUST0342,8,40,1218.1000000000001,152.26250000000002,1218.1000000000001,1217.5612
CUST0343,3,1110,474.54999999999995,158.1833333333333,474.54999999999995,474.64545
CUST0344,3,180,124.52,41.50666666666667,124.52,124.333244
CUST0345,8,28,738.44,92.305,738.44,733.07336
CUST0346,7,33,517.59,73.94142857142857,517.59,517.64325
CUST0347,5,311,498.42,99.684,498.42,499.8997
CUST0348,8,1,926.91,115.86375,926.91,925.64087
CUST0349,3,63,194.39,64.79666666666667,194.39,195.11905
CUST0350,6,321,577.23,96.205,577.23,577.2045
CUST0351,5,320,498.45,99.69,498.45,501.79178
CUST0352,3,420,312.5,104.16666666666667,312.5,333.0605
CUST0353,6,300,748.02,124.67,748.02,747.5993
CUST0354,7,3,600.36,85.76571428571428,600.36,600.2105
CUST0355,7,13,394.75,56.392857142857146,394.75,394.93976
CUST0356,2,602,72.75,36.375,72.75,76.11802
CUST0357,9,48,941.85,104.65,941.85,941.36816
CUST0358,7,197,489.61,69.94428571428571,489.61,490.73105
CUST0359,1,178,383.3,383.3,383.3,383.44742
CUST0360,9,27,1192.49,132.4988888888889,1192.49,1192.5367
CUST0361,4,4,442.73,110.6825,442.73,441.9718
CUST0362,2,663,110.06,55.03,110.06,110.249344
CUST0363,3,215,562.37,187.45666666666668,562.37,562.06586
CUST0364,4,8,142.16,35.54,142.16,141.7714
CUST0365,1,203,154.82,154.82,154.82,155.62471
CUST0366,3,26,474.96,158.32,474.96,472.9341
CUST0367,5,178,448.96999999999997,89.794,448.96999999999997,448.4504
CUST0368,6,156,335.5,55.916666666666664,335.5,337.42966
CUST0369,6,2,264.37,44.06166666666667,264.37,265.33997
CUST0370,3,120,349.9,116.63333333333333,349.9,349.80655
CUST0371,4,374,572.24,143.06,572.24,596.6828
CUST0372,5,22,1340.14,268.028,1340.14,1340.251
CUST0373,8,71,979.61,122.45125,979.61,980.77167
CUST0374,3,352,737.84,245.9466666666667,737.84,736.718
CUST0375,4,24,700.21,175.0525,700.21,698.1045
CUST0376,7,5,576.77,82.39571428571428,576.77,578.84686
CUST0377,2,115,193.94,96.97,193.94,196.71571
CUST0378,6,113,276.07,46.01166666666666,276.07,274.5796
CUST0379,4,121,459.45000000000005,114.86250000000001,459.45000000000005,459.11407
CUST0380,1,256,91.86,91.86,91.86,90.92502
CUST0381,5,195,694.6600000000001,138.93200000000002,694.6600000000001,684.0377
CUST0382,3,130,164.74,54.913333333333334,164.74,163.45224
CUST0383,2,1174,169.57,84.785,169.57,168.98131
CUST0384,4,122,544.52,136.13,544.52,544.4106
CUST0385,4,409,199.3,49.825,199.3,198.59186
CUST0386,6,7,265.73,44.288333333333334,265.73,266.01392
CUST0387,4,164,1003.54,250.885,1003.54,1004.5945
CUST0388,5,52,332.72,66.54400000000001,332.72,327.91513
CUST0389,7,40,743.95,106.27857142857144,743.95,747.6482
CUST0390,4,91,183.70999999999998,45.927499999999995,183.70999999999998,188.38062
CUST0391,3,784,214.92000000000002,71.64,214.92000000000002,214.5641
CUST0392,8,0,555.97,69.49625,555.97,555.46954
CUST0393,8,88,643.8000000000001,80.47500000000001,643.8000000000001,644.61285
CUST0394,6,6,587.97,97.995,587.97,588.0383
CUST0395,5,3,336.73,67.346,336.73,336.31732
CUST0396,3,238,109.84,36.61333333333334,109.84,109.86048
CUST0397,6,32,439.58,73.26333333333334,439.58,438.36398
CUST0398,7,58,822.1899999999999,117.45571428571428,822.1899999999999,829.22644
CUST0399,4,1071,486.31000000000006,121.57750000000001,486.31000000000006,500.27023
CUST0400,4,285,615.0,153.75,615.0,613.5505
CUST0401,4,81,396.88,99.22,396.88,400.23456
CUST0402,5,32,669.83,133.966,669.83,669.1974
CUST0403,7,80,473.21,67.60142857142857,473.21,472.9187
CUST0404,2,95,42.99,21.495,42.99,44.22739
CUST0405,3,62,297.01,99.00333333333333,297.01,295.29538
CUST0406,2,41,92.67999999999999,46.339999999999996,92.67999999999999,91.718666
CUST0407,5,37,211.33,42.266000000000005,211.33,210.47621
CUST0408,4,125,128.06,32.015,128.06,128.17331
CUST0409,7,10,390.37,55.76714285714286,390.37,391.34412
CUST0410,2,390,405.48,202.74,405.48,404.04556
CUST0411,4,177,371.79,92.9475,371.79,374.18158
CUST0412,4,34,876.92,219.23,876.92,878.19586
CUST0413,5,27,473.29,94.658,473.29,473.1276
CUST0414,5,78,824.4,164.88,824.4,826.13525
CUST0415,3,496,527.11,175.70333333333335,527.11,528.6295
CUST0416,7,109,445.90999999999997,63.701428571428565,445.90999999999997,444.98373
CUST0417,2,1070,234.5,117.25,234.5,234.0878
CUST0418,7,424,351.36,50.19428571428572,351.36,350.83807
CUST0419,2,52,371.74,185.87,371.74,371.26822
CUST0420,3,456,205.97,68.65666666666667,205.97,206.80446
CUST0421,2,707,283.88,141.94,283.88,283.67178
CUST0422,8,89,416.43,52.05375,416.43,416.4212
CUST0423,3,619,251.5,83.83333333333333,251.5,253.25656
CUST0424,2,203,430.21000000000004,215.10500000000002,430.21000000000004,422.25656
CUST0425,1,785,217.31,217.31,217.31,217.0089
CUST0426,9,38,728.34,80.92666666666668,728.34,729.8198
CUST0427,8,3,1058.28,132.285,1058.28,1057.5095
CUST0428,5,116,268.63,53.726,268.63,267.39468
CUST0429,9,112,756.78,84.08666666666666,756.78,753.7163
CUST0430,8,134,840.52,105.065,840.52,840.04785
CUST0431,9,17,706.3,78.47777777777777,706.3,720.9702
CUST0432,8,8,933.6,116.7,933.6,935.27924
CUST0433,3,244,538.97,179.65666666666667,538.97,537.5357
CUST0434,5,221,512.78,102.556,512.78,505.02197
CUST0435,6,76,656.49,109.415,656.49,656.6133
CUST0436,6,16,431.65,71.94166666666666,431.65,431.58176
CUST0437,5,25,511.28999999999996,102.258,511.28999999999996,510.35382
CUST0438,3,351,449.3,149.76666666666668,449.3,449.59106
CUST0439,4,313,659.44,164.86,659.44,658.716
CUST0440,2,395,53.699999999999996,26.849999999999998,53.699999999999996,50.58817
CUST0441,7,245,1330.3799999999999,190.0542857142857,1330.3799999999999,1341.5726
CUST0442,6,157,466.23,77.705,466.23,462.69452
CUST0443,3,278,136.25,45.416666666666664,136.25,135.85086
CUST0444,6,224,440.13,73.355,440.13,439.3141
CUST0445,4,241,512.09,128.0225,512.09,508.49353
CUST0446,4,10,412.14,103.035,412.14,416.68823
CUST0447,7,153,389.04999999999995,55.57857142857142,389.04999999999995,389.2206
CUST0448,5,450,448.38,89.676,448.38,447.9255
CUST0449,3,79,360.24000000000007,120.08000000000003,360.24000000000007,359.8072
CUST0450,6,21,881.59,146.93166666666667,881.59,878.07086
CUST0451,3,171,161.04,53.68,161.04,164.81306
CUST0452,4,13,257.57,64.3925,257.57,253.03687
CUST0453,6,7,503.64,83.94,503.64,503.71832
CUST0454,3,737,73.22999999999999,24.409999999999997,73.22999999999999,74.32026
CUST0455,3,185,116.06,38.68666666666667,116.06,115.94161
CUST0456,7,19,593.5899999999999,84.79857142857142,593.5899999999999,593.1081
CUST0457,5,747,505.82,101.164,505.82,499.34485
CUST0458,7,197,801.14,114.44857142857143,801.14,800.7301
CUST0459,6,38,506.36,84.39333333333333,506.36,507.89273
CUST0460,4,14,570.25,142.5625,570.25,573.49854
CUST0461,8,63,738.12,92.265,738.12,741.6169
CUST0462,8,97,701.89,87.73625,701.89,702.9588
CUST0463,7,999,420.17,60.02428571428572,420.17,417.22015
CUST0464,3,33,473.12,157.70666666666668,473.12,473.40216
CUST0465,4,124,254.51000000000002,63.627500000000005,254.51000000000002,253.68509
CUST0466,8,62,593.89,74.23625,593.89,589.5594
CUST0467,4,186,254.66,63.665,254.66,252.13028
CUST0468,7,95,641.64,91.66285714285713,641.64,638.3238
CUST0469,4,166,141.13,35.2825,141.13,141.69011
CUST0470,5,50,287.49,57.498000000000005,287.49,286.9549
CUST0471,1,308,57.61,57.61,57.61,57.48579
CUST0472,3,109,230.41000000000003,76.80333333333334,230.41000000000003,230.49742
CUST0473,3,116,494.92999999999995,164.97666666666666,494.92999999999995,495.3916
CUST0474,9,85,857.15,95.23888888888888,857.15,862.2968
CUST0475,4,135,479.62,119.905,479.62,477.67596
CUST0476,8,190,896.0699999999999,112.00874999999999,896.0699999999999,897.6409
CUST0477,4,292,202.69,50.6725,202.69,202.00633
CUST0478,3,196,224.75,74.91666666666667,224.75,225.22519
CUST0479,2,477,228.67,114.335,228.67,228.24977
CUST0480,6,3,1133.1399999999999,188.85666666666665,1133.1399999999999,1118.9125
CUST0481,7,264,761.67,108.80999999999999,761.67,762.82983
CUST0482,7,9,544.72,77.81714285714285,544.72,535.9096
CUST0483,3,2,100.81,33.60333333333333,100.81,100.448135
CUST0484,7,44,733.27,104.75285714285714,733.27,736.50745
CUST0485,9,163,1083.7,120.41111111111111,1083.7,1083.0115
CUST0486,3,42,463.24,154.41333333333333,463.24,461.33206
CUST0487,4,144,276.40000000000003,69.10000000000001,276.40000000000003,277.1532
CUST0488,6,225,834.1700000000001,139.02833333333334,834.1700000000001,836.1745
CUST0489,3,8,165.59,55.196666666666665,165.59,165.56148
CUST0490,3,107,297.58000000000004,99.19333333333334,297.58000000000004,295.10526
CUST0491,8,21,1174.09,146.76125,1174.09,1151.2415
CUST0492,4,156,169.71,42.4275,169.71,172.97835
CUST0493,3,41,665.44,221.81333333333336,665.44,665.3908
CUST0494,3,251,472.37,157.45666666666668,472.37,475.8142
CUST0495,3,156,207.62,69.20666666666666,207.62,207.19595
CUST0496,6,146,836.86,139.47666666666666,836.86,837.7738
CUST0497,7,1,603.35,86.19285714285715,603.35,602.27594
CUST0498,4,134,235.94,58.985,235.94,234.11487
CUST0499,8,265,1036.97,129.62125,1036.97,1036.5099
CUST0500,7,121,341.61,48.80142857142857,341.61,344.61417
CUST0501,5,260,763.27,152.654,763.27,763.60016
CUST0502,3,346,248.92000000000002,82.97333333333334,248.92000000000002,250.20291
CUST0503,4,88,350.52000000000004,87.63000000000001,350.52000000000004,351.28622
CUST0504,4,341,226.01,56.5025,226.01,224.01996
CUST0505,6,159,492.51,82.085,492.51,492.0023
CUST0506,4,890,214.49,53.6225,214.49,215.51204
CUST0507,9,35,826.68,91.85333333333332,826.68,825.36804
CUST0508,5,810,221.58,44.316,221.58,222.34314
CUST0509,3,871,588.0,196.0,588.0,587.278
CUST0510,4,411,473.11,118.2775,473.11,473.02325
CUST0511,3,44,100.22,33.406666666666666,100.22,99.75363
CUST0512,4,2,311.53,77.8825,311.53,312.51913
CUST0513,6,209,140.07,23.345,140.07,141.5581
CUST0514,7,3,1100.0,157.14285714285714,1100.0,1099.876
CUST0515,8,112,1155.23,144.40375,1155.23,1155.6893
CUST0516,3,434,403.7,134.56666666666666,403.7,400.55164
CUST0517,4,226,392.8,98.2,392.8,397.17053
CUST0518,4,29,575.94,143.985,575.94,575.8466
CUST0519,4,267,474.76,118.69,474.76,476.21365
CUST0520,5,171,369.24,73.848,369.24,373.8504
CUST0521,4,86,298.33,74.5825,298.33,297.56512
CUST0522,1,771,85.04,85.04,85.04,85.25767
CUST0523,5,51,565.9,113.17999999999999,565.9,572.8713
CUST0524,3,59,637.3399999999999,212.44666666666663,637.3399999999999,637.5798
CUST0525,4,28,549.74,137.435,549.74,548.9019
CUST0526,4,257,444.75,111.1875,444.75,444.64456
CUST0527,3,17,338.31,112.77,338.31,339.71024
CUST0528,5,172,389.22,77.84400000000001,389.22,387.36667
CUST0529,5,482,433.74,86.748,433.74,433.32645
CUST0530,6,16,507.01000000000005,84.50166666666668,507.01000000000005,507.05896
CUST0531,2,12,174.0,87.0,174.0,171.70874
CUST0532,3,701,447.90000000000003,149.3,447.90000000000003,447.0892
CUST0533,7,49,1159.1100000000001,165.58714285714288,1159.1100000000001,1287.7042
CUST0534,8,26,1000.2,125.025,1000.2,1005.053
CUST0535,4,220,502.44,125.61,502.44,503.60535
CUST0536,2,98,145.6,72.8,145.6,145.57333
CUST0537,5,445,456.11,91.22200000000001,456.11,456.577
CUST0538,8,190,1025.08,128.135,1025.08,1023.7944
CUST0539,5,303,646.24,129.248,646.24,664.0843
CUST0540,7,52,852.0,121.71428571428571,852.0,853.63184
CUST0541,9,25,526.89,58.54333333333333,526.89,527.31
CUST0542,6,124,225.72,37.62,225.72,224.38971
CUST0543,7,39,699.05,99.86428571428571,699.05,696.4996
CUST0544,6,307,746.74,124.45666666666666,746.74,746.66077
CUST0545,4,71,667.54,166.885,667.54,658.5329
CUST0546,4,40,332.17,83.0425,332.17,332.37683
CUST0547,6,239,997.96,166.32666666666668,997.96,998.8333
CUST0548,6,31,791.64,131.94,791.64,777.3146
CUST0549,5,237,618.99,123.798,618.99,618.1221
CUST0550,1,506,114.02,114.02,114.02,114.70964
CUST0551,5,44,493.8,98.76,493.8,495.22867
CUST0552,7,88,1016.85,145.2642857142857,1016.85,1017.2192
CUST0553,3,65,191.07,63.69,191.07,195.15996
CUST0554,2,122,85.08,42.54,85.08,83.73591
CUST0555,4,258,253.49,63.3725,253.49,248.19646
CUST0556,5,44,718.9100000000001,143.782,718.9100000000001,716.76904
CUST0557,6,103,382.49,63.748333333333335,382.49,383.89597
CUST0558,4,41,379.34,94.835,379.34,392.7398
CUST0559,4,103,460.77,115.1925,460.77,460.79303
CUST0560,4,135,291.47,72.8675,291.47,283.83243
CUST0561,10,21,903.39,90.339,903.39,903.09216
CUST0562,4,195,141.04,35.26,141.04,139.66963
CUST0563,6,104,380.38,63.39666666666667,380.38,382.07202
CUST0564,6,8,631.15,105.19166666666666,631.15,632.42926
CUST0565,4,307,731.86,182.965,731.86,732.117
CUST0566,8,433,1204.94,150.6175,1204.94,1204.9108
CUST0567,4,80,336.05999999999995,84.01499999999999,336.05999999999995,335.7642
CUST0568,6,1,634.0600000000001,105.67666666666668,634.0600000000001,632.2923
CUST0569,2,1702,24.05,12.025,24.05,30.188732
CUST0570,5,72,224.04,44.808,224.04,224.02505
CUST0571,3,131,284.98,94.99333333333334,284.98,284.0319
CUST0572,4,23,164.37,41.0925,164.37,163.26573
CUST0573,4,13,252.81,63.2025,252.81,252.3584
CUST0574,6,367,547.69,91.28166666666668,547.69,547.534
CUST0575,4,117,176.21,44.0525,176.21,174.66649
CUST0576,5,128,360.99,72.19800000000001,360.99,363.53354
CUST0577,7,108,886.5600000000001,126.65142857142858,886.5600000000001,877.4049
CUST0578,6,248,418.62,69.77,418.62,418.8728
CUST0579,2,76,205.56,102.78,205.56,205.06815
CUST0580,4,308,1020.85,255.2125,1020.85,1021.7421
CUST0581,3,356,350.14,116.71333333333332,350.14,350.93845
CUST0582,5,165,550.0,110.0,550.0,558.5722
CUST0583,6,125,809.01,134.835,809.01,823.042
CUST0584,7,49,563.34,80.47714285714287,563.34,568.32184
CUST0585,6,44,320.93,53.48833333333334,320.93,318.16403
CUST0586,4,97,302.46,75.615,302.46,299.13116
CUST0587,4,322,411.34000000000003,102.83500000000001,411.34000000000003,411.53766
CUST0588,4,130,201.29,50.3225,201.29,200.26993
CUST0589,7,69,363.73,51.96142857142858,363.73,366.17526
CUST0590,7,53,1045.46,149.35142857142858,1045.46,1045.3989
CUST0591,6,224,819.25,136.54166666666666,819.25,822.81525
CUST0592,7,319,662.46,94.63714285714286,662.46,662.2866
CUST0593,5,28,968.88,193.776,968.88,967.7549
CUST0594,2,22,311.89,155.945,311.89,302.75967
CUST0595,10,39,834.88,83.488,834.88,865.49854
CUST0596,5,61,410.17,82.034,410.17,410.56445
CUST0597,6,67,782.77,130.46166666666667,782.77,765.2314
CUST0598,7,243,643.95,91.99285714285715,643.95,643.357
CUST0599,6,288,578.02,96.33666666666666,578.02,575.26337
CUST0600,3,424,321.30000000000007,107.10000000000002,321.30000000000007,331.33813
CUST0601,8,56,955.89,119.48625,955.89,953.7644
CUST0602,2,714,225.8,112.9,225.8,225.6699
CUST0603,4,130,366.49,91.6225,366.49,370.553
CUST0604,6,59,275.39,45.89833333333333,275.39,275.24252
CUST0605,2,54,267.96,133.98,267.96,268.34988
CUST0606,4,90,162.24,40.56,162.24,156.96178
CUST0607,6,374,636.24,106.04,636.24,636.41223
CUST0608,7,22,391.04,55.862857142857145,391.04,391.0688
CUST0609,4,114,507.63,126.9075,507.63,506.33084
CUST0610,4,67,593.29,148.3225,593.29,592.3408
CUST0611,3,567,199.06,66.35333333333334,199.06,198.00064
CUST0612,5,252,553.56,110.71199999999999,553.56,561.2705
CUST0613,6,371,693.8199999999999,115.63666666666666,693.8199999999999,693.9212
CUST0614,8,81,422.1,52.7625,422.1,420.57135
CUST0615,7,44,408.97,58.424285714285716,408.97,412.87115
CUST0616,5,8,488.38,97.676,488.38,489.98203
CUST0617,1,109,43.34,43.34,43.34,44.19624
CUST0618,4,1,488.57000000000005,122.14250000000001,488.57000000000005,489.14563
CUST0619,6,112,918.32,153.05333333333334,918.32,918.5278
CUST0620,5,105,275.56,55.112,275.56,272.46335
CUST0621,4,315,541.01,135.2525,541.01,541.9681
CUST0622,4,217,398.23999999999995,99.55999999999999,398.23999999999995,401.7424
CUST0623,5,312,1189.08,237.81599999999997,1189.08,1184.6698
CUST0624,3,574,241.17,80.39,241.17,242.227
CUST0625,5,6,822.86,164.572,822.86,820.8911
CUST0626,5,503,737.49,147.498,737.49,737.8757
CUST0627,3,201,376.36,125.45333333333333,376.36,377.2489
CUST0628,8,14,524.66,65.5825,524.66,525.5787
CUST0629,6,187,392.97999999999996,65.49666666666666,392.97999999999996,391.56265
CUST0630,9,110,1044.97,116.10777777777778,1044.97,1043.8314
CUST0631,3,213,608.76,202.92,608.76,610.23474
CUST0632,3,58,204.79,68.26333333333334,204.79,207.93112
CUST0633,5,209,511.48,102.296,511.48,507.3552
CUST0634,3,651,162.06,54.02,162.06,165.17218
CUST0635,4,211,389.13000000000005,97.28250000000001,389.13000000000005,394.88574
CUST0636,4,317,411.31,102.8275,411.31,411.43552
CUST0637,4,229,607.0600000000001,151.76500000000001,607.0600000000001,606.7508
CUST0638,3,295,119.46000000000001,39.82,119.46000000000001,119.21736
CUST0639,2,1224,35.83,17.915,35.83,35.893616
CUST0640,6,24,462.7,77.11666666666666,462.7,460.13864
CUST0641,3,59,183.08,61.02666666666667,183.08,181.81276
CUST0642,5,33,467.05,93.41,467.05,465.356
CUST0643,6,625,484.44,80.74,484.44,483.9052
CUST0644,3,9,293.57,97.85666666666667,293.57,292.3672
CUST0645,8,40,575.3199999999999,71.91499999999999,575.3199999999999,575.5459
CUST0646,5,29,736.56,147.31199999999998,736.56,736.478
CUST0647,4,437,357.25,89.3125,357.25,356.87427
CUST0648,6,47,510.90000000000003,85.15,510.90000000000003,511.04892
CUST0650,4,194,319.78,79.945,319.78,321.06506
CUST0651,7,221,695.83,99.40428571428572,695.83,683.47687
CUST0652,7,36,772.47,110.35285714285715,772.47,772.33026
CUST0653,1,375,66.76,66.76,66.76,67.103325
CUST0654,7,175,1109.8600000000001,158.5514285714286,1109.8600000000001,1107.9385
CUST0655,3,106,122.26,40.75333333333334,122.26,121.88689
CUST0656,3,105,268.13,89.37666666666667,268.13,267.7472
CUST0657,6,297,514.79,85.79833333333333,514.79,513.39044
CUST0658,5,432,590.3900000000001,118.07800000000002,590.3900000000001,589.18427
CUST0659,3,448,295.11,98.37,295.11,288.70892
CUST0660,7,20,794.58,113.51142857142858,794.58,792.32935
CUST0661,3,353,385.27,128.42333333333332,385.27,385.16708
CUST0662,7,68,1024.11,146.30142857142854,1024.11,1024.1365
CUST0663,4,7,753.46,188.365,753.46,755.3744
CUST0664,7,238,511.34000000000003,73.04857142857144,511.34000000000003,509.7298
CUST0665,7,137,729.1299999999999,104.16142857142856,729.1299999999999,731.5592
CUST0666,7,298,1014.78,144.96857142857144,1014.78,1015.1159
CUST0667,4,30,287.96000000000004,71.99000000000001,287.96000000000004,286.93503
CUST0668,4,57,581.01,145.2525,581.01,565.8434
CUST0669,7,233,503.84000000000003,71.97714285714287,503.84000000000003,502.94977
CUST0670,8,55,800.38,100.0475,800.38,793.12036
CUST0671,5,27,241.44,48.288,241.44,242.49927
CUST0672,1,137,163.93,163.93,163.93,224.69519
CUST0673,2,174,110.18,55.09,110.18,111.1712
CUST0674,3,290,300.07,100.02333333333333,300.07,300.23703
CUST0675,4,154,206.0,51.5,206.0,203.51479
CUST0676,6,254,597.66,99.61,597.66,593.1649
CUST0677,5,69,618.21,123.64200000000001,618.21,605.8299
CUST0678,4,132,623.0799999999999,155.76999999999998,623.0799999999999,622.8312
CUST0679,5,59,285.87,57.174,285.87,286.35565
CUST0680,6,116,670.88,111.81333333333333,670.88,668.2213
CUST0681,7,113,1023.8399999999999,146.26285714285714,1023.8399999999999,1023.68085
CUST0682,7,15,629.5699999999999,89.93857142857142,629.5699999999999,630.77686
CUST0683,2,239,126.48,63.24,126.48,127.77843
CUST0684,3,39,633.7,211.23333333333335,633.7,633.9307
CUST0685,4,362,350.56,87.64,350.56,350.7335
CUST0686,2,191,341.25,170.625,341.25,343.12045
CUST0687,3,142,121.47,40.49,121.47,121.67646
CUST0688,6,232,384.58,64.09666666666666,384.58,384.575
CUST0689,6,426,361.6,60.26666666666667,361.6,369.11948
CUST0690,2,882,250.72,125.36,250.72,250.31952
CUST0691,3,205,125.72,41.906666666666666,125.72,123.961716
CUST0692,5,9,463.22,92.644,463.22,463.55008
CUST0693,6,59,672.5699999999999,112.09499999999998,672.5699999999999,670.93365
CUST0694,3,610,327.33,109.11,327.33,329.16266
CUST0695,2,188,264.40999999999997,132.20499999999998,264.40999999999997,265.1331
CUST0696,4,127,585.11,146.2775,585.11,584.86194
CUST0697,4,175,403.02,100.755,403.02,403.57254
CUST0698,5,243,560.48,112.096,560.48,561.1936
CUST0699,4,64,326.74,81.685,326.74,329.33154
CUST0700,4,220,357.14,89.285,357.14,357.9654
CUST0701,4,92,399.15999999999997,99.78999999999999,399.15999999999997,402.28452
CUST0702,5,40,716.59,143.318,716.59,717.75867
CUST0703,8,40,714.9499999999999,89.36874999999999,714.9499999999999,712.81335
CUST0704,5,196,277.95,55.589999999999996,277.95,279.80908
CUST0705,7,78,468.43,66.91857142857143,468.43,467.98358
CUST0706,6,2,846.8,141.13333333333333,846.8,846.85657
CUST0707,6,18,427.7,71.28333333333333,427.7,426.835
CUST0708,7,152,893.1,127.58571428571429,893.1,894.64465
CUST0709,4,17,145.39,36.3475,145.39,145.98073
CUST0710,4,113,249.95,62.4875,249.95,248.80826
CUST0711,2,99,174.91000000000003,87.45500000000001,174.91000000000003,172.80722
CUST0712,6,450,496.65999999999997,82.77666666666666,496.65999999999997,496.8336
CUST0713,11,23,1068.93,97.17545454545456,1068.93,977.46124
CUST0714,5,17,816.0,163.2,816.0,816.39014
CUST0715,4,871,485.17,121.2925,485.17,496.57208
CUST0716,2,280,66.8,33.4,66.8,68.40684
CUST0717,7,68,801.2,114.45714285714287,801.2,801.8072
CUST0718,2,64,175.31,87.655,175.31,173.45549
CUST0719,4,336,279.47,69.8675,279.47,280.14053
CUST0720,6,163,382.4,63.73333333333333,382.4,385.9808
CUST0721,5,311,411.34,82.268,411.34,410.59918
CUST0722,4,25,124.22,31.055,124.22,124.54841
CUST0723,4,232,569.45,142.3625,569.45,581.9942
CUST0724,3,38,160.39,53.46333333333333,160.39,160.05124
CUST0725,2,585,294.21000000000004,147.10500000000002,294.21000000000004,294.18692
CUST0726,2,141,442.53,221.265,442.53,442.04413
CUST0727,2,997,319.90999999999997,159.95499999999998,319.90999999999997,320.13138
CUST0728,1,696,25.24,25.24,25.24,25.250378
CUST0729,1,306,56.48,56.48,56.48,56.246437
CUST0730,6,3,773.9000000000001,128.98333333333335,773.9000000000001,774.9516
CUST0731,3,92,285.64,95.21333333333332,285.64,282.9761
CUST0732,6,49,573.04,95.50666666666666,573.04,569.4271
CUST0733,2,552,155.86,77.93,155.86,156.39674
CUST0734,5,68,65.25,13.05,65.25,64.48331
CUST0735,5,14,691.13,138.226,691.13,689.2302
CUST0736,5,11,376.26,75.252,376.26,373.1808
CUST0737,5,4,546.4,109.28,546.4,546.93524
CUST0738,6,4,874.21,145.70166666666668,874.21,874.50635
CUST0739,4,352,155.38,38.845,155.38,153.34691
CUST0740,4,2,512.46,128.115,512.46,511.5202
CUST0741,7,306,428.95000000000005,61.27857142857143,428.95000000000005,428.69342
CUST0742,4,8,731.91,182.9775,731.91,731.55835
CUST0743,2,1029,299.68,149.84,299.68,301.10602
CUST0744,3,281,262.73,87.57666666666667,262.73,261.44788
CUST0745,3,78,283.33,94.44333333333333,283.33,282.01535
CUST0746,6,174,559.37,93.22833333333334,559.37,559.05414
CUST0747,8,292,448.53000000000003,56.066250000000004,448.53000000000003,448.27652
CUST0748,7,92,603.93,86.27571428571427,603.93,595.5455
CUST0749,9,781,677.4499999999999,75.27222222222221,677.4499999999999,677.4978
CUST0750,4,103,786.66,196.665,786.66,787.05426
CUST0751,4,74,252.04,63.01,252.04,252.20276
CUST0752,7,47,849.38,121.34,849.38,853.4364
CUST0753,7,3,376.47,53.78142857142858,376.47,376.6909
CUST0754,6,289,1010.1999999999999,168.36666666666665,1010.1999999999999,1009.36017
CUST0755,3,21,701.79,233.92999999999998,701.79,701.9031
CUST0756,4,578,420.28000000000003,105.07000000000001,420.28000000000003,419.59586
CUST0757,6,108,346.64,57.77333333333333,346.64,350.75714
CUST0758,1,312,13.57,13.57,13.57,13.717422
CUST0759,8,373,778.5,97.3125,778.5,778.0323
CUST0760,2,1388,292.62,146.31,292.62,292.67566
CUST0761,6,23,720.12,120.02,720.12,719.114
CUST0762,4,285,363.97,90.9925,363.97,366.00943
CUST0763,5,118,162.48000000000002,32.496,162.48000000000002,161.34682
CUST0764,3,378,376.08,125.36,376.08,376.6627
CUST0765,5,320,278.28,55.65599999999999,278.28,279.0676
CUST0766,5,876,92.34,18.468,92.34,92.526375
CUST0767,2,1080,118.35,59.175,118.35,118.74625
CUST0768,5,277,406.11,81.22200000000001,406.11,405.68716
CUST0769,4,64,338.29,84.5725,338.29,333.78918
CUST0770,6,65,562.38,93.73,562.38,561.7114
CUST0771,4,96,675.26,168.815,675.26,673.9677
CUST0772,4,147,280.42,70.105,280.42,274.7221
CUST0773,4,64,305.21000000000004,76.30250000000001,305.21000000000004,303.66153
CUST0774,3,4,620.73,206.91,620.73,620.59717
CUST0775,4,110,546.12,136.53,546.12,545.8302
CUST0776,4,36,437.85,109.4625,437.85,438.59515
CUST0777,3,212,83.35,27.78333333333333,83.35,83.977425
CUST0778,4,12,380.46999999999997,95.11749999999999,380.46999999999997,383.192
CUST0779,5,150,486.26,97.252,486.26,487.78787
CUST0780,10,56,1207.22,120.72200000000001,1207.22,1206.9825
CUST0781,5,68,169.54,33.908,169.54,169.65141
CUST0782,4,196,455.84999999999997,113.96249999999999,455.84999999999997,451.54022
CUST0783,3,573,272.13,90.71,272.13,271.66455
CUST0784,4,28,348.7,87.175,348.7,349.09668
CUST0785,5,27,732.1,146.42000000000002,732.1,734.30066
CUST0786,9,15,718.73,79.85888888888888,718.73,724.1476
CUST0787,4,147,141.13,35.2825,141.13,141.12148
CUST0788,2,364,462.77,231.385,462.77,463.6564
CUST0789,3,119,552.42,184.14,552.42,555.03516
CUST0790,2,152,84.91,42.455,84.91,83.8878
CUST0791,5,312,486.35,97.27000000000001,486.35,487.42157
CUST0792,7,1,1382.76,197.53714285714287,1382.76,1382.8966
CUST0793,2,756,57.98,28.99,57.98,55.560287
CUST0794,4,261,524.2,131.05,524.2,537.85
CUST0795,6,380,569.3,94.88333333333333,569.3,568.715
CUST0796,5,87,500.22999999999996,100.04599999999999,500.22999999999996,499.95227
CUST0797,1,43,90.68,90.68,90.68,89.05637
CUST0798,6,173,906.55,151.09166666666667,906.55,909.1665
CUST0799,4,54,425.53999999999996,106.38499999999999,425.53999999999996,425.4283
CUST0800,4,75,335.96,83.99,335.96,334.33975
CUST0801,9,15,686.25,76.25,686.25,685.07355
CUST0802,10,91,575.2,57.52,575.2,575.1697
CUST0803,4,439,476.52,119.13,476.52,477.46054
CUST0804,3,3,424.18,141.39333333333335,424.18,424.74252
CUST0805,8,44,865.82,108.2275,865.82,863.0405
CUST0806,5,605,661.23,132.246,661.23,661.9937
CUST0807,3,149,347.7,115.89999999999999,347.7,348.54788
CUST0808,2,224,86.78,43.39,86.78,83.256485
CUST0809,8,2,430.03,53.75375,430.03,460.38928
CUST0810,5,7,342.93,68.586,342.93,341.84717
CUST0811,5,124,568.09,113.61800000000001,568.09,570.4932
CUST0812,2,95,200.06,100.03,200.06,201.82227
CUST0813,1,780,165.11,165.11,165.11,239.18047
CUST0814,4,606,111.03,27.7575,111.03,110.92627
CUST0815,2,1021,166.26,83.13,166.26,166.38474
CUST0816,8,111,719.29,89.91125,719.29,723.7662
CUST0817,9,70,687.55,76.39444444444445,687.55,686.94275
CUST0818,5,117,301.02,60.20399999999999,301.02,290.4988
CUST0819,3,204,34.8,11.6,34.8,27.733978
CUST0820,3,134,535.66,178.5533333333333,535.66,535.6501
CUST0821,3,15,414.25,138.08333333333334,414.25,415.41376
CUST0822,4,163,159.85,39.9625,159.85,159.58508
CUST0823,6,4,502.42,83.73666666666666,502.42,502.47003
CUST0824,5,48,265.17,53.034000000000006,265.17,264.5094
CUST0825,4,380,848.72,212.18,848.72,827.6589
CUST0826,3,758,261.02,87.00666666666666,261.02,260.26608
CUST0827,6,298,770.03,128.33833333333334,770.03,771.93604
CUST0828,5,75,560.7800000000001,112.15600000000002,560.7800000000001,562.50793
CUST0829,5,562,720.29,144.058,720.29,747.8686
CUST0830,4,240,220.2,55.05,220.2,219.2371
CUST0831,6,108,405.43,67.57166666666667,405.43,404.9854
CUST0832,3,277,280.47,93.49000000000001,280.47,279.67432
CUST0833,5,236,570.6600000000001,114.13200000000002,570.6600000000001,570.20807
CUST0834,5,5,149.14999999999998,29.829999999999995,149.14999999999998,160.92445
CUST0835,14,20,1032.52,73.75142857142858,1032.52,694.83
CUST0836,4,198,316.53,79.1325,316.53,314.78903
CUST0837,7,216,938.77,134.10999999999999,938.77,957.51355
CUST0839,7,153,546.97,78.13857142857144,546.97,545.85065
CUST0840,2,633,122.91,61.455,122.91,122.606804
CUST0841,3,14,271.14,90.38,271.14,270.53763
CUST0842,4,104,622.5699999999999,155.64249999999998,622.5699999999999,622.1964
CUST0843,4,441,505.90999999999997,126.47749999999999,505.90999999999997,506.22574
CUST0844,7,150,366.0,52.285714285714285,366.0,364.99493
CUST0845,2,150,178.59,89.295,178.59,179.1315
CUST0846,3,216,175.74,58.580000000000005,175.74,176.78503
CUST0847,5,53,535.9399999999999,107.18799999999999,535.9399999999999,534.53644
CUST0848,4,403,501.85999999999996,125.46499999999999,501.85999999999996,499.21878
CUST0849,3,371,322.92,107.64,322.92,325.54483
CUST0850,4,17,328.99,82.2475,328.99,327.34433
CUST0851,7,333,680.0799999999999,97.1542857142857,680.0799999999999,677.3059
CUST0852,6,154,662.76,110.46,662.76,664.97845
CUST0853,4,14,320.77,80.1925,320.77,319.50012
CUST0854,6,151,655.34,109.22333333333334,655.34,655.0014
CUST0855,10,335,1444.14,144.41400000000002,1444.14,1444.0912
CUST0856,6,243,700.18,116.69666666666666,700.18,698.9365
CUST0857,6,65,477.66999999999996,79.61166666666666,477.66999999999996,478.66373
CUST0858,9,54,382.06,42.45111111111111,382.06,381.20135
CUST0859,2,546,108.5,54.25,108.5,108.31173
CUST0860,5,148,983.55,196.70999999999998,983.55,980.3913
CUST0861,9,12,1297.13,144.12555555555556,1297.13,1297.3618
CUST0862,2,226,116.93,58.465,116.93,112.645645
CUST0863,4,13,598.87,149.7175,598.87,598.6571
CUST0864,5,358,503.83,100.76599999999999,503.83,501.8507
CUST0865,5,84,562.94,112.58800000000001,562.94,561.8607
CUST0866,2,24,128.96,64.48,128.96,136.02432
CUST0867,4,492,294.16999999999996,73.54249999999999,294.16999999999996,293.6148
CUST0868,4,14,119.85,29.9625,119.85,120.08344
CUST0869,6,397,488.23,81.37166666666667,488.23,488.2031
CUST0870,8,11,1311.38,163.9225,1311.38,1312.912
CUST0871,5,102,266.71000000000004,53.342000000000006,266.71000000000004,266.31793
CUST0872,5,225,569.1,113.82000000000001,569.1,568.173
CUST0873,5,318,614.27,122.854,614.27,614.00104
CUST0874,6,137,1197.56,199.59333333333333,1197.56,1197.0779
CUST0875,6,58,670.28,111.71333333333332,670.28,670.6383
CUST0876,5,17,635.1200000000001,127.02400000000003,635.1200000000001,642.57477
CUST0877,3,4,199.85,66.61666666666666,199.85,198.5902
CUST0878,2,387,122.05000000000001,61.025000000000006,122.05000000000001,121.67632
CUST0879,9,14,461.0,51.22222222222222,461.0,459.29285
CUST0880,4,14,186.83,46.7075,186.83,186.96281
CUST0881,4,12,269.76,67.44,269.76,274.03113
CUST0882,10,15,546.4100000000001,54.641000000000005,546.4100000000001,553.17395
CUST0883,3,313,483.04999999999995,161.01666666666665,483.04999999999995,476.89175
CUST0884,4,8,294.6,73.65,294.6,293.8482
CUST0885,4,136,676.87,169.2175,676.87,673.7605
CUST0886,10,11,888.8,88.88,888.8,889.4999
CUST0887,3,27,67.03,22.343333333333334,67.03,65.71634
CUST0888,7,93,592.87,84.69571428571429,592.87,593.7448
CUST0889,3,691,238.51,79.50333333333333,238.51,237.86824
CUST0890,8,200,1364.94,170.6175,1364.94,1365.4286
CUST0891,5,36,259.14,51.827999999999996,259.14,262.11026
CUST0892,2,1282,66.93,33.465,66.93,74.96104
CUST0893,7,94,658.13,94.01857142857143,658.13,658.4992
CUST0894,7,118,368.16,52.59428571428572,368.16,368.0233
CUST0895,3,53,465.31,155.10333333333332,465.31,459.68945
CUST0896,5,273,331.35,66.27000000000001,331.35,331.04456
CUST0897,3,82,171.3,57.1,171.3,172.0715
CUST0898,7,29,1371.03,195.86142857142858,1371.03,1330.5374
CUST0899,2,24,184.70000000000002,92.35000000000001,184.70000000000002,185.04715
CUST0900,4,503,195.95,48.9875,195.95,194.67737
CUST0901,4,83,195.39,48.8475,195.39,189.4605
CUST0902,5,117,191.71,38.342,191.71,196.00151
CUST0903,6,86,318.99,53.165,318.99,319.42905
CUST0904,3,105,229.61,76.53666666666668,229.61,232.0506
CUST0905,4,381,184.10999999999999,46.027499999999996,184.10999999999999,186.9275
CUST0906,5,9,678.33,135.666,678.33,644.56573
CUST0907,8,51,532.76,66.595,532.76,535.52405
CUST0908,4,31,143.64000000000001,35.910000000000004,143.64000000000001,142.59563
CUST0909,8,76,632.93,79.11625,632.93,653.46344
CUST0910,2,161,102.5,51.25,102.5,102.37763
CUST0911,3,167,310.34,103.44666666666666,310.34,309.12708
CUST0912,3,762,239.06,79.68666666666667,239.06,238.73575
CUST0913,6,25,1131.8600000000001,188.64333333333335,1131.8600000000001,1132.1663
CUST0914,5,72,881.55,176.31,881.55,881.07043
CUST0915,7,42,229.73,32.818571428571424,229.73,229.19647
CUST0916,8,18,1100.92,137.615,1100.92,1097.556
CUST0917,8,445,742.36,92.795,742.36,742.5911
CUST0918,6,136,743.67,123.945,743.67,743.7971
CUST0919,6,260,715.18,119.19666666666666,715.18,712.99176
CUST0920,4,370,550.35,137.5875,550.35,550.58374
CUST0921,2,376,77.83,38.915,77.83,77.353065
CUST0922,4,80,130.26000000000002,32.565000000000005,130.26000000000002,129.73889
CUST0923,7,127,687.19,98.17,687.19,683.1663
CUST0924,7,76,632.24,90.32000000000001,632.24,633.182
CUST0926,1,46,39.77,39.77,39.77,39.94885
CUST0927,5,371,320.23,64.046,320.23,321.15866
CUST0928,7,4,321.97,45.99571428571429,321.97,319.90076
CUST0929,5,122,243.3,48.660000000000004,243.3,243.82065
CUST0930,6,147,545.03,90.83833333333332,545.03,544.5308
CUST0931,6,8,854.16,142.35999999999999,854.16,851.41077
CUST0932,7,134,641.4300000000001,91.63285714285715,641.4300000000001,641.76086
CUST0933,5,64,791.09,158.21800000000002,791.09,792.91144
CUST0934,4,141,451.23,112.8075,451.23,449.89285
CUST0935,6,106,91.31,15.218333333333334,91.31,140.82516
CUST0936,2,53,259.8,129.9,259.8,260.10492
CUST0937,3,440,854.84,284.94666666666666,854.84,855.8738
CUST0938,5,272,521.8,104.35999999999999,521.8,523.499
CUST0939,2,358,562.89,281.445,562.89,562.64325
CUST0940,8,120,421.86,52.7325,421.86,418.64813
CUST0941,9,32,891.74,99.08222222222223,891.74,884.31744
CUST0942,5,201,547.44,109.48800000000001,547.44,547.35736
CUST0943,6,84,305.44,50.906666666666666,305.44,305.31778
CUST0944,2,372,77.65,38.825,77.65,76.42531
CUST0945,3,5,171.12,57.04,171.12,171.99855
CUST0946,7,12,707.73,101.10428571428572,707.73,703.4016
CUST0947,3,126,372.57,124.19,372.57,377.55127
CUST0948,8,27,762.42,95.3025,762.42,761.7153
CUST0949,5,127,260.62,52.124,260.62,261.13327
CUST0950,3,370,298.1,99.36666666666667,298.1,289.6099
CUST0951,9,68,932.22,103.58,932.22,932.2939
CUST0952,3,136,92.62,30.873333333333335,92.62,91.55527
CUST0953,3,179,512.38,170.79333333333332,512.38,511.17657
CUST0954,6,30,619.66,103.27666666666666,619.66,621.3042
CUST0955,6,207,697.5799999999999,116.26333333333332,697.5799999999999,698.27563
CUST0956,5,10,958.89,191.778,958.89,958.59265
CUST0957,2,255,55.7,27.85,55.7,54.4686
CUST0958,2,34,276.25,138.125,276.25,275.37454
CUST0959,6,47,316.69,52.781666666666666,316.69,317.1694
CUST0960,7,444,614.76,87.82285714285715,614.76,614.67053
CUST0961,3,158,151.85999999999999,50.62,151.85999999999999,153.66812
CUST0962,5,222,1074.93,214.98600000000002,1074.93,1075.2225
CUST0963,8,207,542.91,67.86375,542.91,541.3023
CUST0964,2,123,81.21000000000001,40.605000000000004,81.21000000000001,82.14218
CUST0965,5,996,373.71,74.74199999999999,373.71,373.71054
CUST0966,4,65,481.46,120.365,481.46,483.87238
CUST0967,7,76,750.96,107.28,750.96,750.24493
CUST0968,2,325,218.51,109.255,218.51,217.21252
CUST0969,8,4,915.76,114.47,915.76,916.07104
CUST0970,8,18,552.04,69.005,552.04,512.84375
CUST0971,4,203,231.6,57.9,231.6,228.6434
CUST0972,7,62,499.71000000000004,71.38714285714286,499.71000000000004,500.82852
CUST0973,5,48,458.78,91.756,458.78,460.08734
CUST0974,8,209,1476.96,184.62,1476.96,1391.825
CUST0975,5,6,826.5699999999999,165.314,826.5699999999999,827.0995
CUST0976,5,209,579.91,115.982,579.91,577.98376
CUST0977,2,1190,110.72,55.36,110.72,111.21719
CUST0978,4,925,565.3,141.325,565.3,577.37366
CUST0979,2,57,41.67,20.835,41.67,46.347557
CUST0980,5,60,338.22,67.644,338.22,338.40863
CUST0981,5,241,351.5,70.3,351.5,355.8786
CUST0982,10,102,1011.76,101.176,1011.76,1014.19775
CUST0983,3,591,374.51,124.83666666666666,374.51,374.7101
CUST0984,6,102,445.7,74.28333333333333,445.7,444.45755
CUST0985,5,184,400.0,80.0,400.0,394.5413
CUST0986,10,87,1350.17,135.017,1350.17,1189.5017
CUST0987,5,403,367.64,73.52799999999999,367.64,368.81516
CUST0988,5,6,727.5,145.5,727.5,727.5943
CUST0989,6,212,440.49,73.415,440.49,437.7829
CUST0990,8,40,865.72,108.215,865.72,865.0687
CUST0991,4,17,1014.48,253.62,1014.48,1014.3688
CUST0992,10,320,781.77,78.17699999999999,781.77,781.3738
CUST0993,3,82,450.96,150.32,450.96,450.3112
CUST0994,4,514,285.65,71.4125,285.65,283.64978
CUST0995,4,21,711.92,177.98,711.92,690.85516
CUST0996,6,138,785.32,130.88666666666668,785.32,785.0173
CUST0997,6,16,224.02,37.336666666666666,224.02,223.80742
CUST0998,6,253,617.96,102.99333333333334,617.96,620.1236
CUST0999,4,797,269.01,67.2525,269.01,270.30542
